problem,algo,mean_f,median_f,stdev_f,min_f,max_f,successes_<=1e-6,runs
Rosenbrock10,DE,0.00010057772073601974,7.578820065381393e-05,6.681277680188459e-05,4.093783861918897e-05,0.0003227470613759,0,31
Rosenbrock10,PSO,0.32601585076266487,0.3382806510338165,0.17211423840339413,0.0001933070804944,0.5804590661903629,0,31
Rosenbrock10,GA,2.799549663268917,2.887544553610052,2.1907475784567567,0.0003841452602717,5.53696627328814,0,31
