problem,algo,mean_f,median_f,stdev_f,min_f,max_f,successes_<=1e-6,runs
Himmelblau2,DE,8.143080311958831e-31,0.0,4.533875236458717e-30,0.0,2.524354896707238e-29,31,31
Himmelblau2,PSO,0.0,0.0,0.0,0.0,0.0,31,31
Himmelblau2,GA,3.334780641131137e-07,1.8326355611339682e-07,6.127463503108314e-07,1.2630705993444926e-10,3.295699015969979e-06,29,31
