problem,algo,mean_f,median_f,stdev_f,min_f,max_f,successes_<=1e-6,runs
Griewank10,PSO,0.031830971989709474,0.0344477210352053,0.015614918626057153,3.6637359812630166e-15,0.0590504191986012,1,31
Griewank10,GA,0.07746095676581972,0.0712254011952219,0.033227610675486526,0.0100634708364216,0.1367414012087134,0,31
Griewank10,DE,0.5448030377768454,0.5553878321046247,0.08935184257973787,0.3959901356635983,0.7215969421660197,0,31
