problem,algo,mean_f,median_f,stdev_f,min_f,max_f,successes_<=1e-6,runs
Rastrigin10,GA,3.0173520650761576e-05,2.652187747287371e-05,2.022779020174473e-05,5.497840547263877e-06,8.017680724492493e-05,0,31
Rastrigin10,PSO,2.8371857608192967,2.9848771712798907,1.189554133326063,1.6721912743378196e-09,4.974795285466456,1,31
Rastrigin10,DE,35.028481333663024,36.43151770625831,5.052359162312753,20.244848440747617,42.864393766001655,0,31
