p_group,mean_test_acc,mean_ema,count
low_p,0.8467142857142856,0.49604553711498667,7
mid_p,0.37172727272727274,0.18181818181818182,11
high_p,0.255125,0.25,8
